<?xml version="1.0" encoding="UTF-8" ?>
<extension type="package" version="2.5.5" method="upgrade">
	<name>DJ-League Package</name>
	<packagename>dj-league</packagename>
	<creationDate>January 2017</creationDate>
	<author>DJ-Extensions.com</author>
	<copyright>Copyright (C) 2017 DJ-Extensions.com, All rights reserved.</copyright>
	<license>http://www.gnu.org/licenses GNU/GPL</license>
	<authorEmail>contact@dj-extensions.com</authorEmail>
	<authorUrl>http://dj-extensions.com</authorUrl>
	<version>1.0.0</version>
	<url>http://dj-extensions.com</url>
	<packager></packager>
	<packagerurl></packagerurl>
	<description><![CDATA[
		<style type="text/css">
			.djex-info { padding: 20px 30px 10px; margin: 0 0 20px 0; background: #3498db; color: #fff; border: 1px solid #2c81ba; font-family: Arial, Helvetica, sans-serif; font-size: 13px; font-weight: normal; -webkit-border-radius: 4px; border-radius: 4px; }
			.djex-title { text-transform: uppercase; font-weight: bold; font-size: 14px; }
			.djex-info a:link, .djex-info a:visited, .djex-info a:hover { color:#fff; text-decoration:underline; font-weight: 600; }	
			.djex-info img { float: left; margin: 0 30px 10px 0; }
		</style>
		<div class="djex-info">
			<img src="components/com_djleague/assets/images/ex_league.png" />
			<p class="djex-title">Thank you for installing DJ-League!</p>
			<p>The DJ-League extension is simple solution for league games schedule and score tables. It's very intuitive and easy to use for anyone!
			If you want to learn how to use DJ-League please read <a target="_blank" href="http://dj-extensions.com/documentation">Documentation</a> and visit our <a target="_blank" href="http://dj-extensions.com/faq">FAQ Section</a></p>
			<p>Check out our other extensions at <a target="_blank" href="http://dj-extensions.com">DJ-Extensions.com</a></p>
			<div style="clear:both"></div>
		</div>
		]]></description>
	<files>
		<file type="module" client="site" id="mod_djleague_tables">mod_djleague_tables.zip</file>
		<file type="module" client="site" id="mod_djleague_schedule">mod_djleague_schedule.zip</file>
		<file type="component" client="admin" id="com_djleague">com_djleague.zip</file>
	</files>
	<updateservers>
		<server type="extension" priority="1" name="DJ-League Package">http://dj-extensions.com/updates/djleague.xml</server>
	</updateservers>
</extension>