<?xml version="1.0" encoding="utf-8"?>
<extension type="module" version="1.6.0" client="site" method="upgrade">
	<name>MOD_DJLEAGUE_TABLES</name>
	<creationDate>May 2016</creationDate>	
	<author>DJ-Extensions.com</author>
	<copyright>Copyright (C) 2017 DJ-Extensions.com, All rights reserved.</copyright>
	<license> http://www.gnu.org/licenses GNU/GPL</license>
	<authorEmail>contact@dj-extensions.com</authorEmail>
	<authorUrl>http://dj-extensions.com</authorUrl>
	<version>1.0.0</version>
	<description>MOD_DJLEAGUE_TABLES</description>
	<files>
		<filename module="mod_djleague_tables">mod_djleague_tables.php</filename>
		<filename>mod_djleague_tables.xml</filename>
		<filename>helper.php</filename>
		<filename>index.html</filename>
		<folder>tmpl</folder>
		<folder>assets</folder>
		<folder>language</folder>
	</files>
	
	<config>
		<fields name="params" addfieldpath="/administrator/components/com_djleague/models/fields">
			<fieldset name="basic">
				
				<field name="tournament" type="djleaguetournament" label="MOD_DJLEAGUE_TABLES_TOURNAMENT" class="input-xlarge" required="true" />
				
				<field name="season" type="djleagueseason" label="MOD_DJLEAGUE_TABLES_SEASON" class="input-xlarge" required="true" />
				
				<field name="team" type="djleagueteam" label="MOD_DJLEAGUE_TABLES_TEAM" description="MOD_DJLEAGUE_TABLES_TEAM_DESC" class="input-xlarge" show_default="true" default_title="JNONE" />
				
				<field name="round" type="text" label="MOD_DJLEAGUE_TABLES_ROUND" description="MOD_DJLEAGUE_TABLES_ROUND_DESC" class="input-mini" />
				<field name="limit" type="text" label="MOD_DJLEAGUE_TABLES_LIMIT" description="MOD_DJLEAGUE_TABLES_LIMIT_DESC" class="input-mini" />
				
				<field type="djspacer" label="MOD_DJLEAGUE_TABLES_LAYOUT_OPTIONS" />
				
				<field name="show_logo" type="radio" class="btn-group" default="1" label="COM_DJLEAGUE_CONFIG_TABLE_SHOW_TEAM_LOGO">
					<option value="0">JNO</option>
					<option value="1">JYES</option>
				</field>
				
				<field name="table_cols" type="djleaguesortablecheckboxes" label="COM_DJLEAGUE_CONFIG_TABLE_COLUMNS" class="well " description="COM_DJLEAGUE_CONFIG_TABLE_COLUMNS_DESC">
			    	<option value="played" selected="true">COM_DJLEAGUE_PLAYED</option>
			    	<option value="score_diff" selected="true">COM_DJLEAGUE_SCORE_DIFFERENCE</option>
			    	<option value="points" selected="true">COM_DJLEAGUE_POINTS</option>
			    	<option value="won">COM_DJLEAGUE_WON</option>
			    	<option value="drawn">COM_DJLEAGUE_DRAWN</option>
			    	<option value="lost">COM_DJLEAGUE_LOST</option>
			    	<option value="score_for">COM_DJLEAGUE_SCORE_FOR</option>
			    	<option value="score_against">COM_DJLEAGUE_SCORE_AGAINST</option>
			    </field>
				
				<field name="show_link" type="radio" class="btn-group" default="1" label="MOD_DJLEAGUE_TABLES_SHOW_LINK" description="MOD_DJLEAGUE_TABLES_SHOW_LINK_DESC">
					<option value="0">JNO</option>
					<option value="1">JYES</option>
				</field>
					
				<!-- field name="menuitem" type="menuitem" default="45" label="MOD_DJLEAGUE_TABLES_MENU_ITEM" description="MOD_DJLEAGUE_TABLES_DESC" /-->
			</fieldset>
			
			<fieldset name="advanced">
				
				<field
					name="layout"
					type="modulelayout"
					label="JFIELD_ALT_LAYOUT_LABEL"
					description="JFIELD_ALT_MODULE_LAYOUT_DESC"
					default="_:default" />
				
				<field
					name="moduleclass_sfx"
					type="text"
					label="COM_MODULES_FIELD_MODULECLASS_SFX_LABEL"
					description="COM_MODULES_FIELD_MODULECLASS_SFX_DESC" />
				<field
					name="cache"
					type="list"
					default="1"
					label="COM_MODULES_FIELD_CACHING_LABEL"
					description="COM_MODULES_FIELD_CACHING_DESC">
					<option
						value="1">JGLOBAL_USE_GLOBAL</option>
					<option
						value="0">COM_MODULES_FIELD_VALUE_NOCACHING</option>
				</field>
				<field
					name="cache_time"
					type="text"
					default="900"
					label="COM_MODULES_FIELD_CACHE_TIME_LABEL"
					description="COM_MODULES_FIELD_CACHE_TIME_DESC" />
				
			</fieldset>
			
		</fields>
	</config>
	
</extension>
