<?xml version="1.0" encoding="utf-8"?>
<extension type="module" version="1.6.0" client="site" method="upgrade">
	<name>MOD_DJLEAGUE_SCHEDULE</name>
	<creationDate>May 2016</creationDate>	
	<author>DJ-Extensions.com</author>
	<copyright>Copyright (C) 2017 DJ-Extensions.com, All rights reserved.</copyright>
	<license> http://www.gnu.org/licenses GNU/GPL</license>
	<authorEmail>contact@dj-extensions.com</authorEmail>
	<authorUrl>http://dj-extensions.com</authorUrl>
	<version>1.0.0</version>
	<description>MOD_DJLEAGUE_SCHEDULE</description>
	<files>
		<filename module="mod_djleague_schedule">mod_djleague_schedule.php</filename>
		<filename>mod_djleague_schedule.xml</filename>
		<filename>helper.php</filename>
		<filename>index.html</filename>
		<folder>tmpl</folder>
		<folder>assets</folder>
		<folder>language</folder>
	</files>
	
	<config>
		<fields name="params" addfieldpath="/administrator/components/com_djleague/models/fields">
			<fieldset name="basic">
				
				<field name="tournament" type="djleaguetournament" label="MOD_DJLEAGUE_SCHEDULE_TOURNAMENT" description="MOD_DJLEAGUE_SCHEDULE_TOURNAMENT_DESC" class="input-xlarge" show_default="true" />
				
				<field name="season" type="djleagueseason" label="MOD_DJLEAGUE_SCHEDULE_SEASON" description="MOD_DJLEAGUE_SCHEDULE_SEASON_DESC" class="input-xlarge" show_default="true" />
				
				<field name="team" type="djleagueteam" label="MOD_DJLEAGUE_SCHEDULE_TEAM" description="MOD_DJLEAGUE_SCHEDULE_TEAM_DESC" class="input-xlarge" show_default="true" />
				
				<field name="type" type="list" label="MOD_DJLEAGUE_SCHEDULE_TYPE" default="future">
					<option value="future">MOD_DJLEAGUE_SCHEDULE_TYPE_FUTURE_GAMES</option>
					<option value="past">MOD_DJLEAGUE_SCHEDULE_TYPE_PAST_GAMES</option>
				</field>
				
				<field name="limit" type="text" label="MOD_DJLEAGUE_SCHEDULE_LIMIT" description="MOD_DJLEAGUE_SCHEDULE_LIMIT_DESC" class="input-mini" default="5" />
				
				<field name="show_logo" type="radio" class="btn-group" default="1" label="MOD_DJLEAGUE_SCHEDULE_SHOW_LOGO">
					<option value="0">JNO</option>
					<option value="1">JYES</option>
				</field>
				
				<field name="show_date" type="radio" class="btn-group" default="1" label="MOD_DJLEAGUE_SCHEDULE_SHOW_DATE">
					<option value="0">JNO</option>
					<option value="1">JYES</option>
				</field>
				
				<field name="show_venue" type="radio" class="btn-group" default="1" label="MOD_DJLEAGUE_SCHEDULE_SHOW_VENUE">
					<option value="0">JNO</option>
					<option value="1">JYES</option>
				</field>
				
				<field name="show_link" type="radio" class="btn-group" default="1" label="MOD_DJLEAGUE_SCHEDULE_SHOW_LINK" description="MOD_DJLEAGUE_SCHEDULE_SHOW_LINK_DESC">
					<option value="0">JNO</option>
					<option value="1">JYES</option>
				</field>
				
			</fieldset>
			
			<fieldset name="advanced">
				
				<field
					name="layout"
					type="modulelayout"
					label="JFIELD_ALT_LAYOUT_LABEL"
					description="JFIELD_ALT_MODULE_LAYOUT_DESC"
					default="_:default" />
				
				<field
					name="moduleclass_sfx"
					type="text"
					label="COM_MODULES_FIELD_MODULECLASS_SFX_LABEL"
					description="COM_MODULES_FIELD_MODULECLASS_SFX_DESC" />
				<field
					name="cache"
					type="list"
					default="1"
					label="COM_MODULES_FIELD_CACHING_LABEL"
					description="COM_MODULES_FIELD_CACHING_DESC">
					<option
						value="1">JGLOBAL_USE_GLOBAL</option>
					<option
						value="0">COM_MODULES_FIELD_VALUE_NOCACHING</option>
				</field>
				<field
					name="cache_time"
					type="text"
					default="900"
					label="COM_MODULES_FIELD_CACHE_TIME_LABEL"
					description="COM_MODULES_FIELD_CACHE_TIME_DESC" />
				
			</fieldset>
			
		</fields>
	</config>
	
</extension>
